"<a href=""/films/1200486"" title=""&#xE6;&#x88;&#x91;&#xE4;&#xB8;&#x8D;&#xE6;&#x98;&#xAF;&#xE8;&#x8D;&#xAF;&#xE7;&#xA5;&#x9E;"" data-act=""boarditem-click"" data-val=""{movieId:1200486}"">æä¸æ¯è¯ç¥</a>","<p class=""board-content"">æ¦åè§åï¼å°ç«ç¼çµå½±åºä¸­çç»å¸å½±çï¼æç§è¯ååè¯åäººæ°ä»é«å°ä½ç»¼åæåºåå100åï¼æ¯å¤©ä¸å10ç¹æ´æ°ãç¸å³æ°æ®æ¥æºäºâç«ç¼çµå½±åºâã</p>
            ","<p class=""releasetime"">ä¸æ æ¶é´ï¼2018-07-05</p>    "
"<a href=""/films/1200486"" title=""&#xE6;&#x88;&#x91;&#xE4;&#xB8;&#x8D;&#xE6;&#x98;&#xAF;&#xE8;&#x8D;&#xAF;&#xE7;&#xA5;&#x9E;"" data-act=""boarditem-click"" data-val=""{movieId:1200486}"">æä¸æ¯è¯ç¥</a>","<p class=""board-content"">æ¦åè§åï¼å°ç«ç¼çµå½±åºä¸­çç»å¸å½±çï¼æç§è¯ååè¯åäººæ°ä»é«å°ä½ç»¼åæåºåå100åï¼æ¯å¤©ä¸å10ç¹æ´æ°ãç¸å³æ°æ®æ¥æºäºâç«ç¼çµå½±åºâã</p>
            ","<p class=""releasetime"">ä¸æ æ¶é´ï¼2018-07-05</p>    "
"<a href=""/films/1200486"" title=""&#xE6;&#x88;&#x91;&#xE4;&#xB8;&#x8D;&#xE6;&#x98;&#xAF;&#xE8;&#x8D;&#xAF;&#xE7;&#xA5;&#x9E;"" data-act=""boarditem-click"" data-val=""{movieId:1200486}"">æä¸æ¯è¯ç¥</a>","<p class=""board-content"">æ¦åè§åï¼å°ç«ç¼çµå½±åºä¸­çç»å¸å½±çï¼æç§è¯ååè¯åäººæ°ä»é«å°ä½ç»¼åæåºåå100åï¼æ¯å¤©ä¸å10ç¹æ´æ°ãç¸å³æ°æ®æ¥æºäºâç«ç¼çµå½±åºâã</p>
            ","<p class=""releasetime"">ä¸æ æ¶é´ï¼2018-07-05</p>    "
"<a href=""/films/1200486"" title=""&#xE6;&#x88;&#x91;&#xE4;&#xB8;&#x8D;&#xE6;&#x98;&#xAF;&#xE8;&#x8D;&#xAF;&#xE7;&#xA5;&#x9E;"" data-act=""boarditem-click"" data-val=""{movieId:1200486}"">æä¸æ¯è¯ç¥</a>","<p class=""board-content"">æ¦åè§åï¼å°ç«ç¼çµå½±åºä¸­çç»å¸å½±çï¼æç§è¯ååè¯åäººæ°ä»é«å°ä½ç»¼åæåºåå100åï¼æ¯å¤©ä¸å10ç¹æ´æ°ãç¸å³æ°æ®æ¥æºäºâç«ç¼çµå½±åºâã</p>
            ","<p class=""releasetime"">ä¸æ æ¶é´ï¼2018-07-05</p>    "
"<a href=""/films/1200486"" title=""&#xE6;&#x88;&#x91;&#xE4;&#xB8;&#x8D;&#xE6;&#x98;&#xAF;&#xE8;&#x8D;&#xAF;&#xE7;&#xA5;&#x9E;"" data-act=""boarditem-click"" data-val=""{movieId:1200486}"">æä¸æ¯è¯ç¥</a>","<p class=""board-content"">æ¦åè§åï¼å°ç«ç¼çµå½±åºä¸­çç»å¸å½±çï¼æç§è¯ååè¯åäººæ°ä»é«å°ä½ç»¼åæåºåå100åï¼æ¯å¤©ä¸å10ç¹æ´æ°ãç¸å³æ°æ®æ¥æºäºâç«ç¼çµå½±åºâã</p>
            ","<p class=""releasetime"">ä¸æ æ¶é´ï¼2018-07-05</p>    "
"<a href=""/films/1200486"" title=""&#xE6;&#x88;&#x91;&#xE4;&#xB8;&#x8D;&#xE6;&#x98;&#xAF;&#xE8;&#x8D;&#xAF;&#xE7;&#xA5;&#x9E;"" data-act=""boarditem-click"" data-val=""{movieId:1200486}"">æä¸æ¯è¯ç¥</a>","<p class=""board-content"">æ¦åè§åï¼å°ç«ç¼çµå½±åºä¸­çç»å¸å½±çï¼æç§è¯ååè¯åäººæ°ä»é«å°ä½ç»¼åæåºåå100åï¼æ¯å¤©ä¸å10ç¹æ´æ°ãç¸å³æ°æ®æ¥æºäºâç«ç¼çµå½±åºâã</p>
            ","<p class=""releasetime"">ä¸æ æ¶é´ï¼2018-07-05</p>    "
"<a href=""/films/1200486"" title=""&#xE6;&#x88;&#x91;&#xE4;&#xB8;&#x8D;&#xE6;&#x98;&#xAF;&#xE8;&#x8D;&#xAF;&#xE7;&#xA5;&#x9E;"" data-act=""boarditem-click"" data-val=""{movieId:1200486}"">æä¸æ¯è¯ç¥</a>","<p class=""board-content"">æ¦åè§åï¼å°ç«ç¼çµå½±åºä¸­çç»å¸å½±çï¼æç§è¯ååè¯åäººæ°ä»é«å°ä½ç»¼åæåºåå100åï¼æ¯å¤©ä¸å10ç¹æ´æ°ãç¸å³æ°æ®æ¥æºäºâç«ç¼çµå½±åºâã</p>
            ","<p class=""releasetime"">ä¸æ æ¶é´ï¼2018-07-05</p>    "
"<a href=""/films/1200486"" title=""&#xE6;&#x88;&#x91;&#xE4;&#xB8;&#x8D;&#xE6;&#x98;&#xAF;&#xE8;&#x8D;&#xAF;&#xE7;&#xA5;&#x9E;"" data-act=""boarditem-click"" data-val=""{movieId:1200486}"">æä¸æ¯è¯ç¥</a>","<p class=""board-content"">æ¦åè§åï¼å°ç«ç¼çµå½±åºä¸­çç»å¸å½±çï¼æç§è¯ååè¯åäººæ°ä»é«å°ä½ç»¼åæåºåå100åï¼æ¯å¤©ä¸å10ç¹æ´æ°ãç¸å³æ°æ®æ¥æºäºâç«ç¼çµå½±åºâã</p>
            ","<p class=""releasetime"">ä¸æ æ¶é´ï¼2018-07-05</p>    "
"<a href=""/films/1200486"" title=""&#xE6;&#x88;&#x91;&#xE4;&#xB8;&#x8D;&#xE6;&#x98;&#xAF;&#xE8;&#x8D;&#xAF;&#xE7;&#xA5;&#x9E;"" data-act=""boarditem-click"" data-val=""{movieId:1200486}"">æä¸æ¯è¯ç¥</a>","<p class=""board-content"">æ¦åè§åï¼å°ç«ç¼çµå½±åºä¸­çç»å¸å½±çï¼æç§è¯ååè¯åäººæ°ä»é«å°ä½ç»¼åæåºåå100åï¼æ¯å¤©ä¸å10ç¹æ´æ°ãç¸å³æ°æ®æ¥æºäºâç«ç¼çµå½±åºâã</p>
            ","<p class=""releasetime"">ä¸æ æ¶é´ï¼2018-07-05</p>    "
"<a href=""/films/1200486"" title=""&#xE6;&#x88;&#x91;&#xE4;&#xB8;&#x8D;&#xE6;&#x98;&#xAF;&#xE8;&#x8D;&#xAF;&#xE7;&#xA5;&#x9E;"" data-act=""boarditem-click"" data-val=""{movieId:1200486}"">æä¸æ¯è¯ç¥</a>","<p class=""board-content"">æ¦åè§åï¼å°ç«ç¼çµå½±åºä¸­çç»å¸å½±çï¼æç§è¯ååè¯åäººæ°ä»é«å°ä½ç»¼åæåºåå100åï¼æ¯å¤©ä¸å10ç¹æ´æ°ãç¸å³æ°æ®æ¥æºäºâç«ç¼çµå½±åºâã</p>
            ","<p class=""releasetime"">ä¸æ æ¶é´ï¼2018-07-05</p>    "
"<a href=""/films/1200486"" title=""&#xE6;&#x88;&#x91;&#xE4;&#xB8;&#x8D;&#xE6;&#x98;&#xAF;&#xE8;&#x8D;&#xAF;&#xE7;&#xA5;&#x9E;"" data-act=""boarditem-click"" data-val=""{movieId:1200486}"">æä¸æ¯è¯ç¥</a>","<p class=""board-content"">æ¦åè§åï¼å°ç«ç¼çµå½±åºä¸­çç»å¸å½±çï¼æç§è¯ååè¯åäººæ°ä»é«å°ä½ç»¼åæåºåå100åï¼æ¯å¤©ä¸å10ç¹æ´æ°ãç¸å³æ°æ®æ¥æºäºâç«ç¼çµå½±åºâã</p>
            ","<p class=""releasetime"">ä¸æ æ¶é´ï¼2018-07-05</p>    "
"<a href=""/films/1200486"" title=""&#xE6;&#x88;&#x91;&#xE4;&#xB8;&#x8D;&#xE6;&#x98;&#xAF;&#xE8;&#x8D;&#xAF;&#xE7;&#xA5;&#x9E;"" data-act=""boarditem-click"" data-val=""{movieId:1200486}"">æä¸æ¯è¯ç¥</a>","<p class=""board-content"">æ¦åè§åï¼å°ç«ç¼çµå½±åºä¸­çç»å¸å½±çï¼æç§è¯ååè¯åäººæ°ä»é«å°ä½ç»¼åæåºåå100åï¼æ¯å¤©ä¸å10ç¹æ´æ°ãç¸å³æ°æ®æ¥æºäºâç«ç¼çµå½±åºâã</p>
            ","<p class=""releasetime"">ä¸æ æ¶é´ï¼2018-07-05</p>    "
"<a href=""/films/1200486"" title=""&#xE6;&#x88;&#x91;&#xE4;&#xB8;&#x8D;&#xE6;&#x98;&#xAF;&#xE8;&#x8D;&#xAF;&#xE7;&#xA5;&#x9E;"" data-act=""boarditem-click"" data-val=""{movieId:1200486}"">æä¸æ¯è¯ç¥</a>","<p class=""board-content"">æ¦åè§åï¼å°ç«ç¼çµå½±åºä¸­çç»å¸å½±çï¼æç§è¯ååè¯åäººæ°ä»é«å°ä½ç»¼åæåºåå100åï¼æ¯å¤©ä¸å10ç¹æ´æ°ãç¸å³æ°æ®æ¥æºäºâç«ç¼çµå½±åºâã</p>
            ","<p class=""releasetime"">ä¸æ æ¶é´ï¼2018-07-05</p>    "
"<a href=""/films/1200486"" title=""&#xE6;&#x88;&#x91;&#xE4;&#xB8;&#x8D;&#xE6;&#x98;&#xAF;&#xE8;&#x8D;&#xAF;&#xE7;&#xA5;&#x9E;"" data-act=""boarditem-click"" data-val=""{movieId:1200486}"">æä¸æ¯è¯ç¥</a>","<p class=""board-content"">æ¦åè§åï¼å°ç«ç¼çµå½±åºä¸­çç»å¸å½±çï¼æç§è¯ååè¯åäººæ°ä»é«å°ä½ç»¼åæåºåå100åï¼æ¯å¤©ä¸å10ç¹æ´æ°ãç¸å³æ°æ®æ¥æºäºâç«ç¼çµå½±åºâã</p>
            ","<p class=""releasetime"">ä¸æ æ¶é´ï¼2018-07-05</p>    "
"<a href=""/films/1200486"" title=""&#xE6;&#x88;&#x91;&#xE4;&#xB8;&#x8D;&#xE6;&#x98;&#xAF;&#xE8;&#x8D;&#xAF;&#xE7;&#xA5;&#x9E;"" data-act=""boarditem-click"" data-val=""{movieId:1200486}"">æä¸æ¯è¯ç¥</a>","<p class=""board-content"">æ¦åè§åï¼å°ç«ç¼çµå½±åºä¸­çç»å¸å½±çï¼æç§è¯ååè¯åäººæ°ä»é«å°ä½ç»¼åæåºåå100åï¼æ¯å¤©ä¸å10ç¹æ´æ°ãç¸å³æ°æ®æ¥æºäºâç«ç¼çµå½±åºâã</p>
            ","<p class=""releasetime"">ä¸æ æ¶é´ï¼2018-07-05</p>    "
"<a href=""/films/1200486"" title=""&#xE6;&#x88;&#x91;&#xE4;&#xB8;&#x8D;&#xE6;&#x98;&#xAF;&#xE8;&#x8D;&#xAF;&#xE7;&#xA5;&#x9E;"" data-act=""boarditem-click"" data-val=""{movieId:1200486}"">æä¸æ¯è¯ç¥</a>","<p class=""board-content"">æ¦åè§åï¼å°ç«ç¼çµå½±åºä¸­çç»å¸å½±çï¼æç§è¯ååè¯åäººæ°ä»é«å°ä½ç»¼åæåºåå100åï¼æ¯å¤©ä¸å10ç¹æ´æ°ãç¸å³æ°æ®æ¥æºäºâç«ç¼çµå½±åºâã</p>
            ","<p class=""releasetime"">ä¸æ æ¶é´ï¼2018-07-05</p>    "
"<a href=""/films/1200486"" title=""&#xE6;&#x88;&#x91;&#xE4;&#xB8;&#x8D;&#xE6;&#x98;&#xAF;&#xE8;&#x8D;&#xAF;&#xE7;&#xA5;&#x9E;"" data-act=""boarditem-click"" data-val=""{movieId:1200486}"">æä¸æ¯è¯ç¥</a>","<p class=""board-content"">æ¦åè§åï¼å°ç«ç¼çµå½±åºä¸­çç»å¸å½±çï¼æç§è¯ååè¯åäººæ°ä»é«å°ä½ç»¼åæåºåå100åï¼æ¯å¤©ä¸å10ç¹æ´æ°ãç¸å³æ°æ®æ¥æºäºâç«ç¼çµå½±åºâã</p>
            ","<p class=""releasetime"">ä¸æ æ¶é´ï¼2018-07-05</p>    "
"<a href=""/films/1200486"" title=""&#xE6;&#x88;&#x91;&#xE4;&#xB8;&#x8D;&#xE6;&#x98;&#xAF;&#xE8;&#x8D;&#xAF;&#xE7;&#xA5;&#x9E;"" data-act=""boarditem-click"" data-val=""{movieId:1200486}"">æä¸æ¯è¯ç¥</a>","<p class=""board-content"">æ¦åè§åï¼å°ç«ç¼çµå½±åºä¸­çç»å¸å½±çï¼æç§è¯ååè¯åäººæ°ä»é«å°ä½ç»¼åæåºåå100åï¼æ¯å¤©ä¸å10ç¹æ´æ°ãç¸å³æ°æ®æ¥æºäºâç«ç¼çµå½±åºâã</p>
            ","<p class=""releasetime"">ä¸æ æ¶é´ï¼2018-07-05</p>    "
"<a href=""/films/1200486"" title=""&#xE6;&#x88;&#x91;&#xE4;&#xB8;&#x8D;&#xE6;&#x98;&#xAF;&#xE8;&#x8D;&#xAF;&#xE7;&#xA5;&#x9E;"" data-act=""boarditem-click"" data-val=""{movieId:1200486}"">æä¸æ¯è¯ç¥</a>","<p class=""board-content"">æ¦åè§åï¼å°ç«ç¼çµå½±åºä¸­çç»å¸å½±çï¼æç§è¯ååè¯åäººæ°ä»é«å°ä½ç»¼åæåºåå100åï¼æ¯å¤©ä¸å10ç¹æ´æ°ãç¸å³æ°æ®æ¥æºäºâç«ç¼çµå½±åºâã</p>
            ","<p class=""releasetime"">ä¸æ æ¶é´ï¼2018-07-05</p>    "
"<a href=""/films/1200486"" title=""&#xE6;&#x88;&#x91;&#xE4;&#xB8;&#x8D;&#xE6;&#x98;&#xAF;&#xE8;&#x8D;&#xAF;&#xE7;&#xA5;&#x9E;"" data-act=""boarditem-click"" data-val=""{movieId:1200486}"">æä¸æ¯è¯ç¥</a>","<p class=""board-content"">æ¦åè§åï¼å°ç«ç¼çµå½±åºä¸­çç»å¸å½±çï¼æç§è¯ååè¯åäººæ°ä»é«å°ä½ç»¼åæåºåå100åï¼æ¯å¤©ä¸å10ç¹æ´æ°ãç¸å³æ°æ®æ¥æºäºâç«ç¼çµå½±åºâã</p>
            ","<p class=""releasetime"">ä¸æ æ¶é´ï¼2018-07-05</p>    "
"<a href=""/films/1200486"" title=""&#xE6;&#x88;&#x91;&#xE4;&#xB8;&#x8D;&#xE6;&#x98;&#xAF;&#xE8;&#x8D;&#xAF;&#xE7;&#xA5;&#x9E;"" data-act=""boarditem-click"" data-val=""{movieId:1200486}"">æä¸æ¯è¯ç¥</a>","<p class=""star"">
                ä¸»æ¼ï¼å¾å³¥,å¨ä¸å´,çä¼ å
        </p>
","<p class=""releasetime"">ä¸æ æ¶é´ï¼2018-07-05</p>    "
"<a href=""/films/1297"" title=""&#xE8;&#x82;&#x96;&#xE7;&#x94;&#xB3;&#xE5;&#x85;&#x8B;&#xE7;&#x9A;&#x84;&#xE6;&#x95;&#x91;&#xE8;&#xB5;&#x8E;"" data-act=""boarditem-click"" data-val=""{movieId:1297}"">èç³åçæèµ</a>","<p class=""star"">
                ä¸»æ¼ï¼èå§Â·ç½å®¾æ¯,æ©æ ¹Â·å¼éæ¼,é²åÂ·åé¡¿
        </p>
","<p class=""releasetime"">ä¸æ æ¶é´ï¼1994-09-10(å æ¿å¤§)</p>    "
"<a href=""/films/1206605"" title=""&#xE7;&#xBB;&#xBF;&#xE7;&#x9A;&#xAE;&#xE4;&#xB9;&#xA6;"" data-act=""boarditem-click"" data-val=""{movieId:1206605}"">ç»¿ç®ä¹¦</a>","<p class=""star"">
                ä¸»æ¼ï¼ç»´æÂ·è«è¾æ£®,é©¬èµ«æ²æÂ·é¿é,ç³è¾¾Â·å¡å¾·éå°¼
        </p>
","<p class=""releasetime"">ä¸æ æ¶é´ï¼2019-03-01</p>    "
"<a href=""/films/1292"" title=""&#xE6;&#xB5;&#xB7;&#xE4;&#xB8;&#x8A;&#xE9;&#x92;&#xA2;&#xE7;&#x90;&#xB4;&#xE5;&#xB8;&#x88;"" data-act=""boarditem-click"" data-val=""{movieId:1292}"">æµ·ä¸é¢ç´å¸</a>","<p class=""star"">
                ä¸»æ¼ï¼èå§Â·ç½æ¯,æ¯å°Â·åªæ© ,åå°ä¼¦æ¯Â·å¨å»å§æ¯ä¸ä¸
        </p>
","<p class=""releasetime"">ä¸æ æ¶é´ï¼2019-11-15</p>    "
"<a href=""/films/1211270"" title=""&#xE5;&#x93;&#xAA;&#xE5;&#x90;&#x92;&#xE4;&#xB9;&#x8B;&#xE9;&#xAD;&#x94;&#xE7;&#xAB;&#xA5;&#xE9;&#x99;&#x8D;&#xE4;&#xB8;&#x96;"" data-act=""boarditem-click"" data-val=""{movieId:1211270}"">åªåä¹é­ç«¥éä¸</a>","<p class=""star"">
                ä¸»æ¼ï¼åè³å©·,å§æ£®çå¤«,çå¢¨
        </p>
","<p class=""releasetime"">ä¸æ æ¶é´ï¼2019-07-26</p>    "
"<a href=""/films/1203"" title=""&#xE9;&#x9C;&#xB8;&#xE7;&#x8E;&#x8B;&#xE5;&#x88;&#xAB;&#xE5;&#xA7;&#xAC;"" data-act=""boarditem-click"" data-val=""{movieId:1203}"">é¸çå«å§¬</a>","<p class=""star"">
                ä¸»æ¼ï¼å¼ å½è£,å¼ ä¸°æ¯,å·©ä¿
        </p>
","<p class=""releasetime"">ä¸æ æ¶é´ï¼1993-07-26</p>    "
"<a href=""/films/1303"" title=""&#xE7;&#xBE;&#x8E;&#xE4;&#xB8;&#xBD;&#xE4;&#xBA;&#xBA;&#xE7;&#x94;&#x9F;"" data-act=""boarditem-click"" data-val=""{movieId:1303}"">ç¾ä¸½äººç</a>","<p class=""star"">
                ä¸»æ¼ï¼ç½ä¼¯æÂ·è´å°¼å°¼,æ±æ¯èè¯ºÂ·ææè¯º,èµå°ä¹Â·æ¯å°¼Â·å¸æ¯ç¹éå
        </p>
","<p class=""releasetime"">ä¸æ æ¶é´ï¼2020-01-03</p>    "
"<a href=""/films/1216365"" title=""&#xE5;&#xB0;&#x8F;&#xE5;&#x81;&#xB7;&#xE5;&#xAE;&#xB6;&#xE6;&#x97;&#x8F;"" data-act=""boarditem-click"" data-val=""{movieId:1216365}"">å°å·å®¶æ</a>","<p class=""star"">
                ä¸»æ¼ï¼ä¸­å·éä¹,å©å©Â·å¼å°å,å®è¤æ¨±
        </p>
","<p class=""releasetime"">ä¸æ æ¶é´ï¼2018-08-03</p>    "
"<a href=""/films/4055"" title=""&#xE8;&#xBF;&#x99;&#xE4;&#xB8;&#xAA;&#xE6;&#x9D;&#x80;&#xE6;&#x89;&#x8B;&#xE4;&#xB8;&#x8D;&#xE5;&#xA4;&#xAA;&#xE5;&#x86;&#xB7;"" data-act=""boarditem-click"" data-val=""{movieId:4055}"">è¿ä¸ªææä¸å¤ªå·</a>","<p class=""star"">
                ä¸»æ¼ï¼è®©Â·é·è¯º,å éÂ·å¥¥å¾·æ¼,å¨å¡èÂ·æ³¢ç¹æ¼
        </p>
","<p class=""releasetime"">ä¸æ æ¶é´ï¼1994-09-14(æ³å½)</p>    "
"<a href=""/films/46818"" title=""&#xE6;&#x80;&#xA6;&#xE7;&#x84;&#xB6;&#xE5;&#xBF;&#x83;&#xE5;&#x8A;&#xA8;"" data-act=""boarditem-click"" data-val=""{movieId:46818}"">æ¦ç¶å¿å¨</a>","<p class=""star"">
                ä¸»æ¼ï¼çå¾·ç³Â·å¡ç½å°,å¡å°Â·éº¦åå¥¥å©è²,è¾ä¸¹Â·å¥å 
        </p>
","<p class=""releasetime"">ä¸æ æ¶é´ï¼2010-07-26(ç¾å½)</p>    "
name,star,time
name,star,time
name,star,time
name,star,time
name,star,time
name,star,time
name,star,time
name,star,time
name,star,time
name,star,time
name,star,time
name,star,time
name,star,time
name,star,time
name,star,time
name,star,time
name,star,time
name,star,time
name,star,time
name,star,time
name,star,time
name,star,time
name,star,time
我不是药神,"主演：徐峥,周一围,王传君",上映时间：2018-07-05
name,star,time
肖申克的救赎,"主演：蒂姆·罗宾斯,摩根·弗里曼,鲍勃·冈顿",上映时间：1994-09-10(加拿大)
name,star,time
绿皮书,"主演：维果·莫腾森,马赫沙拉·阿里,琳达·卡德里尼",上映时间：2019-03-01
name,star,time
海上钢琴师,"主演：蒂姆·罗斯,比尔·努恩 ,克兰伦斯·威廉姆斯三世",上映时间：2019-11-15
name,star,time
哪吒之魔童降世,"主演：吕艳婷,囧森瑟夫,瀚墨",上映时间：2019-07-26
name,star,time
霸王别姬,"主演：张国荣,张丰毅,巩俐",上映时间：1993-07-26
name,star,time
美丽人生,"主演：罗伯托·贝尼尼,朱斯蒂诺·杜拉诺,赛尔乔·比尼·布斯特里克",上映时间：2020-01-03
name,star,time
小偷家族,"主演：中川雅也,利利·弗兰克,安藤樱",上映时间：2018-08-03
name,star,time
这个杀手不太冷,"主演：让·雷诺,加里·奥德曼,娜塔莉·波特曼",上映时间：1994-09-14(法国)
name,star,time
怦然心动,"主演：玛德琳·卡罗尔,卡兰·麦克奥利菲,艾丹·奎因",上映时间：2010-07-26(美国)
我不是药神,"主演：徐峥,周一围,王传君",上映时间：2018-07-05
肖申克的救赎,"主演：蒂姆·罗宾斯,摩根·弗里曼,鲍勃·冈顿",上映时间：1994-09-10(加拿大)
绿皮书,"主演：维果·莫腾森,马赫沙拉·阿里,琳达·卡德里尼",上映时间：2019-03-01
海上钢琴师,"主演：蒂姆·罗斯,比尔·努恩 ,克兰伦斯·威廉姆斯三世",上映时间：2019-11-15
哪吒之魔童降世,"主演：吕艳婷,囧森瑟夫,瀚墨",上映时间：2019-07-26
霸王别姬,"主演：张国荣,张丰毅,巩俐",上映时间：1993-07-26
美丽人生,"主演：罗伯托·贝尼尼,朱斯蒂诺·杜拉诺,赛尔乔·比尼·布斯特里克",上映时间：2020-01-03
小偷家族,"主演：中川雅也,利利·弗兰克,安藤樱",上映时间：2018-08-03
这个杀手不太冷,"主演：让·雷诺,加里·奥德曼,娜塔莉·波特曼",上映时间：1994-09-14(法国)
怦然心动,"主演：玛德琳·卡罗尔,卡兰·麦克奥利菲,艾丹·奎因",上映时间：2010-07-26(美国)
